{
  "version": 1,
  "author": "Dilan Sriyantha",
  "editor": "wokwi",
  "parts": [
    { "type": "board-esp32-devkit-c-v4", "id": "esp", "top": -38.4, "left": 24.04, "attrs": {} },
    {
      "type": "wokwi-led",
      "id": "led1",
      "top": -61.2,
      "left": 301.4,
      "attrs": { "color": "red" }
    },
    {
      "type": "wokwi-led",
      "id": "led2",
      "top": -13.2,
      "left": 301.4,
      "attrs": { "color": "green" }
    },
    { "type": "wokwi-led", "id": "led3", "top": 63.6, "left": 301.4, "attrs": { "color": "red" } },
    {
      "type": "wokwi-led",
      "id": "led4",
      "top": 121.2,
      "left": 301.4,
      "attrs": { "color": "green" }
    },
    { "type": "wokwi-led", "id": "led5", "top": 25.2, "left": 503, "attrs": { "color": "red" } },
    { "type": "wokwi-led", "id": "led6", "top": 73.2, "left": 503, "attrs": { "color": "green" } },
    {
      "type": "wokwi-resistor",
      "id": "r1",
      "top": -24.85,
      "left": 336,
      "attrs": { "value": "220000" }
    },
    {
      "type": "wokwi-resistor",
      "id": "r2",
      "top": 23.15,
      "left": 336,
      "attrs": { "value": "220000" }
    },
    {
      "type": "wokwi-resistor",
      "id": "r3",
      "top": 99.95,
      "left": 336,
      "attrs": { "value": "220000" }
    },
    {
      "type": "wokwi-resistor",
      "id": "r4",
      "top": 157.55,
      "left": 336,
      "attrs": { "value": "220000" }
    },
    {
      "type": "wokwi-resistor",
      "id": "r5",
      "top": 61.55,
      "left": 537.6,
      "attrs": { "value": "220000" }
    },
    {
      "type": "wokwi-resistor",
      "id": "r6",
      "top": 109.55,
      "left": 537.6,
      "attrs": { "value": "220000" }
    }
  ],
  "connections": [
    [ "esp:TX", "$serialMonitor:RX", "", [] ],
    [ "esp:RX", "$serialMonitor:TX", "", [] ],
    [ "led1:C", "led2:C", "black", [ "v0", "h-38", "v48" ] ],
    [ "led2:C", "led3:C", "black", [ "v9.6", "h-38", "v57.6" ] ],
    [ "led3:C", "led4:C", "black", [ "v9.6", "h-38", "v48" ] ],
    [ "led5:C", "led6:C", "black", [ "v0", "h-38", "v48" ] ],
    [ "led6:C", "led4:C", "black", [ "v86.4", "h-201.2" ] ],
    [ "led1:A", "r1:1", "green", [ "v0" ] ],
    [ "led2:A", "r2:1", "green", [ "v0", "h9.6" ] ],
    [ "led3:A", "r3:1", "green", [ "v0" ] ],
    [ "led4:A", "r4:1", "green", [ "v0" ] ],
    [ "led5:A", "r5:1", "green", [ "v0" ] ],
    [ "led6:A", "r6:1", "green", [ "v0" ] ],
    [ "esp:GND.2", "led1:C", "black", [ "v0" ] ],
    [ "esp:12", "r1:2", "red", [ "v0", "h-19.05", "v-163.2", "h384" ] ],
    [ "esp:13", "r2:2", "red", [ "h-28.65", "v-192", "h403.2", "v96", "h9.6" ] ],
    [ "esp:14", "r3:2", "violet", [ "h-38.25", "v-172.8", "h432", "v182.4", "h-9.6" ] ],
    [ "esp:27", "r4:2", "violet", [ "h-47.85", "v-172.8", "h451.2", "v240" ] ],
    [
      "esp:25",
      "r5:2",
      "white",
      [ "v-9.6", "h-47.85", "v0", "h-19.2", "v172.8", "h652.8", "v-163.2" ]
    ],
    [ "esp:26", "r6:2", "white", [ "h-86.25", "v163.2", "h681.6", "v-124.8" ] ]
  ],
  "dependencies": {}
}